subjID,playerColor,compColor,exptPart,trialNumber,playerRole,liarPlayer,marblesSampled,probabilityRed,drawnRed,drawnBlue,reportedDrawn,reportedRed,reportedBlue,callBS,redTrialScore,blueTrialScore,redTotalScore,blueTotalScore,responseTime,trialTime,currStartTime,currEndTime
sona-22641,blue,red,trial,1,liar,blue,6,0.5,0,6,6,0,6,TRUE,-3,6,0,0,3613,19247,1610649916258,1610649935505
sona-22641,blue,red,trial,2,liar,blue,6,0.5,2,4,4,2,4,FALSE,2,4,0,0,5364,20814,1610649936514,1610649957328
sona-22641,blue,red,trial,3,liar,blue,6,0.5,1,5,5,1,5,FALSE,1,5,0,0,6049,21593,1610649958334,1610649979927
sona-22641,blue,red,trial,4,liar,blue,6,0.5,5,1,2,4,2,TRUE,6,0,0,0,2885,17824,1610649980935,1610649998759
sona-22641,blue,red,trial,5,liar,blue,6,0.5,2,4,4,2,4,TRUE,-1,4,0,0,1949,17295,1610649999768,1610650017063
sona-22641,blue,red,trial,6,liar,blue,6,0.5,3,3,4,2,4,FALSE,2,4,5,19,3251,19923,1610650020589,1610650040512
sona-22641,blue,red,trial,7,liar,blue,6,0.5,3,3,4,2,4,FALSE,2,4,5,19,1367,15846,1610650041520,1610650057366
sona-22641,blue,red,trial,8,liar,blue,6,0.5,3,3,3,3,3,FALSE,3,3,5,19,1474,16015,1610650058373,1610650074388
sona-22641,blue,red,trial,9,liar,blue,6,0.5,6,0,2,4,2,TRUE,6,0,5,19,3330,18356,1610650075396,1610650093753
sona-22641,blue,red,trial,10,liar,blue,6,0.5,5,1,3,3,3,FALSE,3,3,5,19,1719,16648,1610650094760,1610650111408
sona-22641,blue,red,trial,11,detector,red,6,0.5,3,3,6,6,0,TRUE,0,6,21,33,4056,12760,1610650127929,1610650140689
sona-22641,blue,red,trial,12,detector,red,6,0.5,4,2,1,1,5,FALSE,1,5,21,33,2955,11370,1610650141714,1610650153084
sona-22641,blue,red,trial,13,detector,red,6,0.5,4,2,4,4,2,TRUE,4,-1,21,33,2851,11276,1610650154106,1610650165382
sona-22641,blue,red,trial,14,detector,red,6,0.5,4,2,5,5,1,FALSE,5,1,21,33,2808,11201,1610650166385,1610650177586
sona-22641,blue,red,trial,15,detector,red,6,0.5,1,5,4,4,2,FALSE,4,2,21,33,4586,13173,1610650178589,1610650191762
sona-22641,blue,red,trial,16,detector,red,6,0.5,3,3,5,5,1,TRUE,0,6,35,46,3122,11643,1610650195274,1610650206917
sona-22641,blue,red,trial,17,detector,red,6,0.5,1,5,0,0,6,FALSE,0,6,35,46,2152,10789,1610650207924,1610650218713
sona-22641,blue,red,trial,18,detector,red,6,0.5,4,2,1,1,5,FALSE,1,5,35,46,3204,11837,1610650219718,1610650231555
sona-22641,blue,red,trial,19,detector,red,6,0.5,0,6,0,0,6,FALSE,0,6,35,46,1443,9863,1610650232560,1610650242423
sona-22641,blue,red,trial,20,detector,red,6,0.5,3,3,1,1,5,FALSE,1,5,35,46,2002,10528,1610650243427,1610650253955
sona-32661,blue,red,trial,1,detector,red,6,0.5,4,2,6,6,0,TRUE,0,6,0,0,3532,11964,1610516081346,1610516093310
sona-32661,blue,red,trial,2,detector,red,6,0.5,1,5,3,3,3,FALSE,3,3,0,0,3837,12236,1610516094325,1610516106561
sona-32661,blue,red,trial,3,detector,red,6,0.5,2,4,2,2,4,FALSE,2,4,0,0,5783,14247,1610516107572,1610516121819
sona-32661,blue,red,trial,4,detector,red,6,0.5,4,2,1,1,5,FALSE,1,5,0,0,2009,10541,1610516122825,1610516133366
sona-32661,blue,red,trial,5,detector,red,6,0.5,4,2,3,3,3,FALSE,3,3,0,0,2749,11470,1610516134380,1610516145850
sona-32661,blue,red,trial,6,detector,red,6,0.5,3,3,0,0,6,FALSE,0,6,9,21,2768,11260,1610516149374,1610516160634
sona-32661,blue,red,trial,7,detector,red,6,0.5,2,4,3,3,3,FALSE,3,3,9,21,6171,14914,1610516161641,1610516176555
sona-32661,blue,red,trial,8,detector,red,6,0.5,4,2,5,5,1,TRUE,0,6,9,21,2331,10741,1610516177566,1610516188307
sona-32661,blue,red,trial,9,detector,red,6,0.5,2,4,5,5,1,TRUE,0,6,9,21,2116,10525,1610516189315,1610516199840
sona-32661,blue,red,trial,10,detector,red,6,0.5,1,5,1,1,5,FALSE,1,5,9,21,1714,10463,1610516200846,1610516211309
sona-32661,blue,red,trial,11,liar,blue,6,0.5,0,6,6,0,6,FALSE,0,6,13,47,3331,19131,1610516227947,1610516247078
sona-32661,blue,red,trial,12,liar,blue,6,0.5,2,4,4,2,4,TRUE,-1,4,13,47,3117,18355,1610516248091,1610516266446
sona-32661,blue,red,trial,13,liar,blue,6,0.5,5,1,3,3,3,FALSE,3,3,13,47,4010,18894,1610516267463,1610516286357
sona-32661,blue,red,trial,14,liar,blue,6,0.5,1,5,5,1,5,TRUE,-2,5,13,47,2340,17589,1610516287388,1610516304977
sona-32661,blue,red,trial,15,liar,blue,6,0.5,6,0,2,4,2,FALSE,4,2,13,47,5055,20711,1610516306001,1610516326712
sona-32661,blue,red,trial,16,liar,blue,6,0.5,3,3,3,3,3,FALSE,3,3,17,67,2122,17613,1610516330252,1610516347865
sona-32661,blue,red,trial,17,liar,blue,6,0.5,4,2,3,3,3,TRUE,6,0,17,67,3947,18960,1610516348885,1610516367845
sona-32661,blue,red,trial,18,liar,blue,6,0.5,1,5,5,1,5,FALSE,1,5,17,67,7056,22384,1610516368867,1610516391251
sona-32661,blue,red,trial,19,liar,blue,6,0.5,3,3,3,3,3,TRUE,0,3,17,67,4110,19926,1610516392267,1610516412193
sona-32661,blue,red,trial,20,liar,blue,6,0.5,3,3,4,2,4,TRUE,6,0,17,67,3979,19351,1610516413220,1610516432571
sona-26618,blue,red,trial,1,detector,red,6,0.5,2,4,3,3,3,FALSE,3,3,0,0,10059,18461,1610486867193,1610486885654
sona-26618,blue,red,trial,2,detector,red,6,0.5,1,5,4,4,2,TRUE,0,6,0,0,3537,12226,1610486886695,1610486898921
sona-26618,blue,red,trial,3,detector,red,6,0.5,4,2,5,5,1,TRUE,0,6,0,0,1114,9662,1610486899957,1610486909619
sona-26618,blue,red,trial,4,detector,red,6,0.5,2,4,4,4,2,FALSE,4,2,0,0,3885,12371,1610486910639,1610486923010
sona-26618,blue,red,trial,5,detector,red,6,0.5,3,3,0,0,6,FALSE,0,6,0,0,8301,16837,1610486924033,1610486940870
sona-26618,blue,red,trial,6,detector,red,6,0.5,5,1,5,5,1,TRUE,5,-2,7,23,3192,11622,1610486944378,1610486956000
sona-26618,blue,red,trial,7,detector,red,6,0.5,5,1,6,6,0,TRUE,0,6,7,23,2434,11012,1610486957048,1610486968060
sona-26618,blue,red,trial,8,detector,red,6,0.5,4,2,5,5,1,TRUE,0,6,7,23,1920,10677,1610486969110,1610486979787
sona-26618,blue,red,trial,9,detector,red,6,0.5,4,2,4,4,2,FALSE,4,2,7,23,3468,11910,1610486980833,1610486992743
sona-26618,blue,red,trial,10,detector,red,6,0.5,1,5,1,1,5,FALSE,1,5,7,23,3383,11818,1610486993770,1610487005588
sona-26618,blue,red,trial,11,liar,blue,6,0.5,0,6,5,1,5,FALSE,1,5,17,40,11214,27149,1610487021980,1610487049129
sona-26618,blue,red,trial,12,liar,blue,6,0.5,3,3,2,4,2,FALSE,4,2,17,40,11908,27213,1610487050151,1610487077364
sona-26618,blue,red,trial,13,liar,blue,6,0.5,0,6,3,3,3,FALSE,3,3,17,40,2531,19639,1610487078399,1610487098038
sona-26618,blue,red,trial,14,liar,blue,6,0.5,1,5,2,4,2,FALSE,4,2,17,40,3264,18905,1610487099060,1610487117965
sona-26618,blue,red,trial,15,liar,blue,6,0.5,4,2,4,2,4,TRUE,6,0,17,40,17657,33172,1610487118995,1610487152167
sona-26618,blue,red,trial,16,liar,blue,6,0.5,6,0,3,3,3,FALSE,3,3,35,52,8525,24043,1610487155679,1610487179722
sona-26618,blue,red,trial,17,liar,blue,6,0.5,2,4,4,2,4,TRUE,-1,4,35,52,8128,23805,1610487180776,1610487204581
sona-26618,blue,red,trial,18,liar,blue,6,0.5,5,1,3,3,3,TRUE,6,0,35,52,13398,29013,1610487205638,1610487234651
sona-26618,blue,red,trial,19,liar,blue,6,0.5,5,1,2,4,2,FALSE,4,2,35,52,2244,17894,1610487235687,1610487253581
sona-26618,blue,red,trial,20,liar,blue,6,0.5,1,5,5,1,5,TRUE,-2,5,35,52,7356,23224,1610487254613,1610487277837
sona-32030,red,blue,trial,1,detector,blue,6,0.5,3,3,3,3,3,FALSE,3,3,0,0,8373,16786,1610863866491,1610863883277
sona-32030,red,blue,trial,2,detector,blue,6,0.5,3,3,1,5,1,FALSE,5,1,0,0,8183,16615,1610863884286,1610863900901
sona-32030,red,blue,trial,3,detector,blue,6,0.5,3,3,3,3,3,FALSE,3,3,0,0,7438,15931,1610863901905,1610863917836
sona-32030,red,blue,trial,4,detector,blue,6,0.5,4,2,6,0,6,TRUE,6,0,0,0,8666,17400,1610863918839,1610863936239
sona-32030,red,blue,trial,5,detector,blue,6,0.5,3,3,4,2,4,TRUE,6,0,0,0,12256,20668,1610863937241,1610863957909
sona-32030,red,blue,trial,6,detector,blue,6,0.5,3,3,5,1,5,FALSE,1,5,23,7,11959,20397,1610863961423,1610863981820
sona-32030,red,blue,trial,7,detector,blue,6,0.5,5,1,4,2,4,TRUE,6,0,23,7,4451,13019,1610863982823,1610863995842
sona-32030,red,blue,trial,8,detector,blue,6,0.5,5,1,5,1,5,FALSE,1,5,23,7,4777,13143,1610863996844,1610864009987
sona-32030,red,blue,trial,9,detector,blue,6,0.5,1,5,5,1,5,TRUE,-2,5,23,7,3810,12553,1610864010990,1610864023543
sona-32030,red,blue,trial,10,detector,blue,6,0.5,3,3,0,6,0,FALSE,6,0,23,7,5065,13809,1610864024545,1610864038354
sona-32030,red,blue,trial,11,liar,red,6,0.5,4,2,4,4,2,TRUE,4,-1,35,22,3713,20358,1610864058598,1610864078956
sona-32030,red,blue,trial,12,liar,red,6,0.5,5,1,5,5,1,TRUE,5,-2,35,22,2972,19938,1610864079964,1610864099902
sona-32030,red,blue,trial,13,liar,red,6,0.5,3,3,3,3,3,TRUE,3,0,35,22,2125,18179,1610864100906,1610864119085
sona-32030,red,blue,trial,14,liar,red,6,0.5,0,6,3,3,3,FALSE,3,3,35,22,13287,28725,1610864120090,1610864148815
sona-32030,red,blue,trial,15,liar,red,6,0.5,5,1,5,5,1,TRUE,5,-2,35,22,2270,17814,1610864149823,1610864167637
sona-32030,red,blue,trial,16,liar,red,6,0.5,1,5,2,2,4,FALSE,2,4,55,20,3509,21003,1610864171150,1610864192153
sona-32030,red,blue,trial,17,liar,red,6,0.5,6,0,6,6,0,FALSE,6,0,55,20,2092,16928,1610864193160,1610864210088
sona-32030,red,blue,trial,18,liar,red,6,0.5,3,3,4,4,2,TRUE,0,6,55,20,3154,18921,1610864211094,1610864230015
sona-32030,red,blue,trial,19,liar,red,6,0.5,3,3,3,3,3,FALSE,3,3,55,20,1340,17130,1610864231022,1610864248152
sona-32030,red,blue,trial,20,liar,red,6,0.5,4,2,4,4,2,FALSE,4,2,55,20,4061,19880,1610864249157,1610864269037
sona-37377,red,blue,trial,1,detector,blue,6,0.5,2,4,5,1,5,TRUE,6,0,0,0,2948,11524,1610922459609,1610922471133
sona-37377,red,blue,trial,2,detector,blue,6,0.5,1,5,5,1,5,TRUE,-2,5,0,0,1243,9729,1610922472137,1610922481866
sona-37377,red,blue,trial,3,detector,blue,6,0.5,3,3,3,3,3,FALSE,3,3,0,0,1920,10632,1610922482867,1610922493499
sona-37377,red,blue,trial,4,detector,blue,6,0.5,2,4,0,6,0,FALSE,6,0,0,0,2700,11309,1610922494501,1610922505810
sona-37377,red,blue,trial,5,detector,blue,6,0.5,4,2,1,5,1,FALSE,5,1,0,0,6324,15071,1610922506817,1610922521888
sona-37377,red,blue,trial,6,detector,blue,6,0.5,6,0,0,6,0,TRUE,3,0,18,9,2234,10813,1610922525397,1610922536210
sona-37377,red,blue,trial,7,detector,blue,6,0.5,2,4,6,0,6,TRUE,6,0,18,9,2786,11505,1610922537212,1610922548717
sona-37377,red,blue,trial,8,detector,blue,6,0.5,2,4,4,2,4,FALSE,2,4,18,9,1457,10020,1610922549719,1610922559739
sona-37377,red,blue,trial,9,detector,blue,6,0.5,3,3,2,4,2,FALSE,4,2,18,9,1975,10691,1610922560742,1610922571433
sona-37377,red,blue,trial,10,detector,blue,6,0.5,3,3,3,3,3,FALSE,3,3,18,9,1893,10342,1610922572439,1610922582781
sona-37377,red,blue,trial,11,liar,red,6,0.5,3,3,4,4,2,TRUE,0,6,36,18,3178,19128,1610922603227,1610922622355
sona-37377,red,blue,trial,12,liar,red,6,0.5,4,2,4,4,2,FALSE,4,2,36,18,1947,17528,1610922623383,1610922640911
sona-37377,red,blue,trial,13,liar,red,6,0.5,4,2,4,4,2,TRUE,4,-1,36,18,2169,22497,1610922641917,1610922664414
sona-37377,red,blue,trial,14,liar,red,6,0.5,0,6,1,1,5,FALSE,1,5,36,18,1962,17306,1610922665421,1610922682727
sona-37377,red,blue,trial,15,liar,red,6,0.5,2,4,2,2,4,FALSE,2,4,36,18,1833,17428,1610922683731,1610922701159
sona-37377,red,blue,trial,16,liar,red,6,0.5,6,0,6,6,0,TRUE,6,-3,47,34,1318,17400,1610922704687,1610922722087
sona-37377,red,blue,trial,17,liar,red,6,0.5,4,2,2,2,4,TRUE,0,6,47,34,1744,16211,1610922723097,1610922739308
sona-37377,red,blue,trial,18,liar,red,6,0.5,1,5,1,1,5,TRUE,1,2,47,34,1684,17094,1610922740312,1610922757406
sona-37377,red,blue,trial,19,liar,red,6,0.5,5,1,5,5,1,FALSE,5,1,47,34,4677,20331,1610922758412,1610922778743
sona-37377,red,blue,trial,20,liar,red,6,0.5,5,1,5,5,1,FALSE,5,1,47,34,1897,17615,1610922779749,1610922797364
sona-33728,blue,red,trial,1,detector,red,6,0.5,4,2,0,0,6,TRUE,0,6,0,0,10503,18945,1610595698599,1610595717544
sona-33728,blue,red,trial,2,detector,red,6,0.5,2,4,0,0,6,TRUE,0,6,0,0,10657,19384,1610595718547,1610595737931
sona-33728,blue,red,trial,3,detector,red,6,0.5,2,4,3,3,3,FALSE,3,3,0,0,3758,12269,1610595738938,1610595751207
sona-33728,blue,red,trial,4,detector,red,6,0.5,3,3,6,6,0,TRUE,0,6,0,0,3395,11893,1610595752215,1610595764108
sona-33728,blue,red,trial,5,detector,red,6,0.5,3,3,1,1,5,FALSE,1,5,0,0,8564,17109,1610595765119,1610595782228
sona-33728,blue,red,trial,6,detector,red,6,0.5,3,3,3,3,3,TRUE,3,0,4,26,2909,11576,1610595785738,1610595797314
sona-33728,blue,red,trial,7,detector,red,6,0.5,4,2,5,5,1,FALSE,5,1,4,26,2116,10516,1610595798330,1610595808846
sona-33728,blue,red,trial,8,detector,red,6,0.5,4,2,4,4,2,FALSE,4,2,4,26,3653,12084,1610595809858,1610595821942
sona-33728,blue,red,trial,9,detector,red,6,0.5,1,5,4,4,2,FALSE,4,2,4,26,1950,10619,1610595822947,1610595833566
sona-33728,blue,red,trial,10,detector,red,6,0.5,3,3,1,1,5,FALSE,1,5,4,26,3246,11640,1610595834567,1610595846207
sona-33728,blue,red,trial,11,liar,blue,6,0.5,1,5,4,2,4,TRUE,6,0,21,36,6421,23141,1610595863086,1610595886227
sona-33728,blue,red,trial,12,liar,blue,6,0.5,3,3,3,3,3,FALSE,3,3,21,36,1613,17522,1610595887244,1610595904766
sona-33728,blue,red,trial,13,liar,blue,6,0.5,4,2,2,4,2,FALSE,4,2,21,36,2256,17350,1610595905781,1610595923131
sona-33728,blue,red,trial,14,liar,blue,6,0.5,3,3,2,4,2,FALSE,4,2,21,36,4521,19764,1610595924143,1610595943907
sona-33728,blue,red,trial,15,liar,blue,6,0.5,4,2,2,4,2,FALSE,4,2,21,36,2479,17405,1610595944922,1610595962327
sona-33728,blue,red,trial,16,liar,blue,6,0.5,5,1,0,6,0,FALSE,6,0,42,45,7560,23693,1610595965854,1610595989547
sona-33728,blue,red,trial,17,liar,blue,6,0.5,2,4,4,2,4,FALSE,2,4,42,45,2442,17172,1610595990564,1610596007736
sona-33728,blue,red,trial,18,liar,blue,6,0.5,2,4,4,2,4,TRUE,-1,4,42,45,1762,17729,1610596008751,1610596026480
sona-33728,blue,red,trial,19,liar,blue,6,0.5,6,0,2,4,2,TRUE,6,0,42,45,1904,17137,1610596027490,1610596044627
sona-33728,blue,red,trial,20,liar,blue,6,0.5,0,6,6,0,6,TRUE,-3,6,42,45,1520,16444,1610596045638,1610596062082
sona-27792,blue,red,trial,1,detector,red,6,0.5,2,4,2,2,4,FALSE,2,4,0,0,2878,11461,1611044476580,1611044488041
sona-27792,blue,red,trial,2,detector,red,6,0.5,3,3,3,3,3,FALSE,3,3,0,0,11424,19819,1611044489046,1611044508865
sona-27792,blue,red,trial,3,detector,red,6,0.5,3,3,5,5,1,TRUE,0,6,0,0,1397,9993,1611044509870,1611044519863
sona-27792,blue,red,trial,4,detector,red,6,0.5,2,4,5,5,1,TRUE,0,6,0,0,1480,10199,1611044520870,1611044531069
sona-27792,blue,red,trial,5,detector,red,6,0.5,4,2,1,1,5,FALSE,1,5,0,0,2232,10623,1611044532075,1611044542698
sona-27792,blue,red,trial,6,detector,red,6,0.5,2,4,1,1,5,FALSE,1,5,6,24,1627,10079,1611044546218,1611044556297
sona-27792,blue,red,trial,7,detector,red,6,0.5,3,3,5,5,1,TRUE,0,6,6,24,1416,9821,1611044557301,1611044567122
sona-27792,blue,red,trial,8,detector,red,6,0.5,5,1,6,6,0,TRUE,0,6,6,24,1317,9918,1611044568126,1611044578044
sona-27792,blue,red,trial,9,detector,red,6,0.5,2,4,1,1,5,FALSE,1,5,6,24,1343,9897,1611044579048,1611044588945
sona-27792,blue,red,trial,10,detector,red,6,0.5,3,3,0,0,6,FALSE,0,6,6,24,1183,9754,1611044589952,1611044599706
sona-27792,blue,red,trial,11,liar,blue,6,0.5,2,4,4,2,4,TRUE,-1,4,8,52,2762,17658,1611044616918,1611044634576
sona-27792,blue,red,trial,12,liar,blue,6,0.5,6,0,3,3,3,TRUE,6,0,8,52,7101,22203,1611044635584,1611044657787
sona-27792,blue,red,trial,13,liar,blue,6,0.5,0,6,6,0,6,FALSE,0,6,8,52,1841,16498,1611044658795,1611044675293
sona-27792,blue,red,trial,14,liar,blue,6,0.5,1,5,5,1,5,TRUE,-2,5,8,52,2089,16719,1611044676300,1611044693019
sona-27792,blue,red,trial,15,liar,blue,6,0.5,3,3,3,3,3,TRUE,0,3,8,52,1343,16505,1611044694027,1611044710532
sona-27792,blue,red,trial,16,liar,blue,6,0.5,1,5,5,1,5,FALSE,1,5,11,70,1707,16222,1611044714045,1611044730267
sona-27792,blue,red,trial,17,liar,blue,6,0.5,5,1,1,5,1,FALSE,5,1,11,70,2259,16949,1611044731274,1611044748223
sona-27792,blue,red,trial,18,liar,blue,6,0.5,1,5,5,1,5,TRUE,-2,5,11,70,1437,16223,1611044749231,1611044765454
sona-27792,blue,red,trial,19,liar,blue,6,0.5,1,5,5,1,5,FALSE,1,5,11,70,1235,15861,1611044766461,1611044782322
sona-27792,blue,red,trial,20,liar,blue,6,0.5,3,3,3,3,3,TRUE,0,3,11,70,1259,15926,1611044783329,1611044799255
sona-22512,blue,red,trial,1,liar,blue,6,0.5,2,4,3,3,3,FALSE,3,3,0,0,6645,21903,1610662733139,1610662755042
sona-22512,blue,red,trial,2,liar,blue,6,0.5,2,4,4,2,4,FALSE,2,4,0,0,9049,24339,1610662756049,1610662780388
sona-22512,blue,red,trial,3,liar,blue,6,0.5,6,0,0,6,0,FALSE,6,0,0,0,5998,21213,1610662781401,1610662802614
sona-22512,blue,red,trial,4,liar,blue,6,0.5,1,5,5,1,5,FALSE,1,5,0,0,7044,23132,1610662803623,1610662826755
sona-22512,blue,red,trial,5,liar,blue,6,0.5,2,4,2,4,2,FALSE,4,2,0,0,3542,19268,1610662827766,1610662847034
sona-22512,blue,red,trial,6,liar,blue,6,0.5,3,3,2,4,2,FALSE,4,2,16,14,3200,19152,1610662850546,1610662869698
sona-22512,blue,red,trial,7,liar,blue,6,0.5,3,3,2,4,2,TRUE,6,0,16,14,3333,18405,1610662870708,1610662889113
sona-22512,blue,red,trial,8,liar,blue,6,0.5,2,4,4,2,4,FALSE,2,4,16,14,4641,19891,1610662890121,1610662910012
sona-22512,blue,red,trial,9,liar,blue,6,0.5,0,6,6,0,6,TRUE,-3,6,16,14,4818,21266,1610662911025,1610662932291
sona-22512,blue,red,trial,10,liar,blue,6,0.5,5,1,1,5,1,FALSE,5,1,16,14,5567,20917,1610662933303,1610662954220
sona-22512,blue,red,trial,11,detector,red,6,0.5,4,2,6,6,0,TRUE,0,6,30,27,3034,11634,1610662971274,1610662982908
sona-22512,blue,red,trial,12,detector,red,6,0.5,4,2,5,5,1,FALSE,5,1,30,27,1699,10409,1610662983919,1610662994328
sona-22512,blue,red,trial,13,detector,red,6,0.5,4,2,4,4,2,FALSE,4,2,30,27,1752,10116,1610662995331,1610663005447
sona-22512,blue,red,trial,14,detector,red,6,0.5,1,5,4,4,2,FALSE,4,2,30,27,2377,11046,1610663006451,1610663017497
sona-22512,blue,red,trial,15,detector,red,6,0.5,4,2,6,6,0,TRUE,0,6,30,27,2399,10764,1610663018503,1610663029267
sona-22512,blue,red,trial,16,detector,red,6,0.5,4,2,4,4,2,FALSE,4,2,43,44,1648,10034,1610663032785,1610663042819
sona-22512,blue,red,trial,17,detector,red,6,0.5,0,6,5,5,1,TRUE,0,6,43,44,2319,10689,1610663043826,1610663054515
sona-22512,blue,red,trial,18,detector,red,6,0.5,2,4,2,2,4,FALSE,2,4,43,44,1907,10465,1610663055519,1610663065984
sona-22512,blue,red,trial,19,detector,red,6,0.5,3,3,0,0,6,TRUE,0,6,43,44,2331,10825,1610663066988,1610663077813
sona-22512,blue,red,trial,20,detector,red,6,0.5,4,2,1,1,5,TRUE,0,6,43,44,5139,13553,1610663078817,1610663092370
sona-37936,red,blue,trial,1,detector,blue,6,0.5,4,2,0,6,0,TRUE,6,0,0,0,5188,13850,1610773207811,1610773221661
sona-37936,red,blue,trial,2,detector,blue,6,0.5,2,4,4,2,4,FALSE,2,4,0,0,1930,10401,1610773222669,1610773233070
sona-37936,red,blue,trial,3,detector,blue,6,0.5,3,3,1,5,1,TRUE,6,0,0,0,4530,13009,1610773234073,1610773247082
sona-37936,red,blue,trial,4,detector,blue,6,0.5,3,3,6,0,6,TRUE,6,0,0,0,3217,11594,1610773248086,1610773259680
sona-37936,red,blue,trial,5,detector,blue,6,0.5,3,3,5,1,5,FALSE,1,5,0,0,1230,9787,1610773260686,1610773270473
sona-37936,red,blue,trial,6,detector,blue,6,0.5,4,2,3,3,3,TRUE,6,0,21,9,2935,11520,1610773273988,1610773285508
sona-37936,red,blue,trial,7,detector,blue,6,0.5,3,3,1,5,1,FALSE,5,1,21,9,1225,9737,1610773286514,1610773296251
sona-37936,red,blue,trial,8,detector,blue,6,0.5,2,4,5,1,5,TRUE,6,0,21,9,3818,12450,1610773297254,1610773309704
sona-37936,red,blue,trial,9,detector,blue,6,0.5,3,3,4,2,4,FALSE,2,4,21,9,1085,9628,1610773310707,1610773320335
sona-37936,red,blue,trial,10,detector,blue,6,0.5,0,6,6,0,6,TRUE,-3,6,21,9,1454,9986,1610773321338,1610773331324
sona-37936,red,blue,trial,11,liar,red,6,0.5,4,2,1,1,5,FALSE,1,5,37,20,2579,19713,1610773351939,1610773371652
sona-37936,red,blue,trial,12,liar,red,6,0.5,6,0,6,6,0,FALSE,6,0,37,20,2104,16832,1610773372663,1610773389495
sona-37936,red,blue,trial,13,liar,red,6,0.5,1,5,2,2,4,FALSE,2,4,37,20,1614,17209,1610773390502,1610773407711
sona-37936,red,blue,trial,14,liar,red,6,0.5,3,3,3,3,3,TRUE,3,0,37,20,1784,16484,1610773408718,1610773425202
sona-37936,red,blue,trial,15,liar,red,6,0.5,0,6,1,1,5,FALSE,1,5,37,20,3665,18184,1610773426210,1610773444394
sona-37936,red,blue,trial,16,liar,red,6,0.5,4,2,4,4,2,TRUE,4,-1,50,34,2117,16731,1610773447919,1610773464650
sona-37936,red,blue,trial,17,liar,red,6,0.5,3,3,2,2,4,FALSE,2,4,50,34,1810,16394,1610773465658,1610773482052
sona-37936,red,blue,trial,18,liar,red,6,0.5,5,1,5,5,1,FALSE,5,1,50,34,2915,18679,1610773483060,1610773501739
sona-37936,red,blue,trial,19,liar,red,6,0.5,4,2,2,2,4,TRUE,0,6,50,34,1806,16715,1610773502757,1610773519472
sona-37936,red,blue,trial,20,liar,red,6,0.5,1,5,5,5,1,FALSE,5,1,50,34,1941,17613,1610773520483,1610773538096
sona-38250,blue,red,trial,1,liar,blue,6,0.5,3,3,3,3,3,FALSE,3,3,0,0,2661,26465,1611045857897,1611045884362
sona-38250,blue,red,trial,2,liar,blue,6,0.5,5,1,1,5,1,FALSE,5,1,0,0,3944,21147,1611045885377,1611045906524
sona-38250,blue,red,trial,3,liar,blue,6,0.5,6,0,0,6,0,FALSE,6,0,0,0,13508,28135,1611045907529,1611045935664
sona-38250,blue,red,trial,4,liar,blue,6,0.5,1,5,5,1,5,TRUE,-2,5,0,0,2127,21761,1611045936678,1611045958439
sona-38250,blue,red,trial,5,liar,blue,6,0.5,4,2,2,4,2,FALSE,4,2,0,0,1125,15651,1611045959452,1611045975103
sona-38250,blue,red,trial,6,liar,blue,6,0.5,4,2,2,4,2,FALSE,4,2,16,11,2764,18471,1611045978612,1611045997083
sona-38250,blue,red,trial,7,liar,blue,6,0.5,5,1,1,5,1,FALSE,5,1,16,11,8577,23015,1611045998088,1611046021103
sona-38250,blue,red,trial,8,liar,blue,6,0.5,2,4,4,2,4,TRUE,-1,4,16,11,8863,25409,1611046022117,1611046047526
sona-38250,blue,red,trial,9,liar,blue,6,0.5,4,2,2,4,2,TRUE,1,2,16,11,1187,15649,1611046048535,1611046064184
sona-38250,blue,red,trial,10,liar,blue,6,0.5,0,6,6,0,6,TRUE,-3,6,16,11,1376,17632,1611046065203,1611046082835
sona-38250,blue,red,trial,11,detector,red,6,0.5,5,1,5,5,1,TRUE,5,-2,22,26,10004,18431,1611046099519,1611046117950
sona-38250,blue,red,trial,12,detector,red,6,0.5,4,2,4,4,2,FALSE,4,2,22,26,14394,23007,1611046118952,1611046141959
sona-38250,blue,red,trial,13,detector,red,6,0.5,1,5,1,1,5,FALSE,1,5,22,26,13366,21868,1611046142962,1611046164830
sona-38250,blue,red,trial,14,detector,red,6,0.5,3,3,0,0,6,TRUE,0,6,22,26,5180,13796,1611046165837,1611046179633
sona-38250,blue,red,trial,15,detector,red,6,0.5,2,4,4,4,2,FALSE,4,2,22,26,2490,10994,1611046180638,1611046191632
sona-38250,blue,red,trial,16,detector,red,6,0.5,2,4,6,6,0,TRUE,0,6,36,39,6950,15679,1611046195143,1611046210822
sona-38250,blue,red,trial,17,detector,red,6,0.5,3,3,1,1,5,FALSE,1,5,36,39,5562,14116,1611046211830,1611046225946
sona-38250,blue,red,trial,18,detector,red,6,0.5,2,4,0,0,6,FALSE,0,6,36,39,1897,10420,1611046226954,1611046237374
sona-38250,blue,red,trial,19,detector,red,6,0.5,3,3,3,3,3,FALSE,3,3,36,39,1496,10084,1611046238384,1611046248468
sona-38250,blue,red,trial,20,detector,red,6,0.5,3,3,6,6,0,TRUE,0,6,36,39,3536,11898,1611046249480,1611046261378
sona-37557,red,blue,trial,1,detector,blue,6,0.5,3,3,5,1,5,TRUE,6,0,0,0,6111,14706,1610932413157,1610932427863
sona-37557,red,blue,trial,2,detector,blue,6,0.5,3,3,5,1,5,TRUE,6,0,0,0,3616,12281,1610932428872,1610932441153
sona-37557,red,blue,trial,3,detector,blue,6,0.5,0,6,1,5,1,FALSE,5,1,0,0,12153,20905,1610932442156,1610932463061
sona-37557,red,blue,trial,4,detector,blue,6,0.5,3,3,1,5,1,TRUE,6,0,0,0,10274,18870,1610932464071,1610932482941
sona-37557,red,blue,trial,5,detector,blue,6,0.5,2,4,4,2,4,FALSE,2,4,0,0,28811,37336,1610932483947,1610932521283
sona-37557,red,blue,trial,6,detector,blue,6,0.5,5,1,4,2,4,TRUE,6,0,25,5,4177,12728,1610932524801,1610932537529
sona-37557,red,blue,trial,7,detector,blue,6,0.5,5,1,0,6,0,TRUE,6,0,25,5,33573,42198,1610932538533,1610932580731
sona-37557,red,blue,trial,8,detector,blue,6,0.5,4,2,6,0,6,TRUE,6,0,25,5,2689,11230,1610932581734,1610932592964
sona-37557,red,blue,trial,9,detector,blue,6,0.5,2,4,4,2,4,FALSE,2,4,25,5,3305,11913,1610932593970,1610932605883
sona-37557,red,blue,trial,10,detector,blue,6,0.5,3,3,5,1,5,TRUE,6,0,25,5,2393,10933,1610932606899,1610932617832
sona-37557,red,blue,trial,11,liar,red,6,0.5,3,3,3,3,3,TRUE,3,0,51,9,3224,19366,1610932637949,1610932657315
sona-37557,red,blue,trial,12,liar,red,6,0.5,4,2,4,4,2,TRUE,4,-1,51,9,7739,23311,1610932658322,1610932681633
sona-37557,red,blue,trial,13,liar,red,6,0.5,2,4,3,3,3,FALSE,3,3,51,9,2695,17859,1610932682645,1610932700504
sona-37557,red,blue,trial,14,liar,red,6,0.5,0,6,0,0,6,FALSE,0,6,51,9,13997,29594,1610932701512,1610932731106
sona-37557,red,blue,trial,15,liar,red,6,0.5,4,2,4,4,2,TRUE,4,-1,51,9,3955,20451,1610932732115,1610932752566
sona-37557,red,blue,trial,16,liar,red,6,0.5,1,5,3,3,3,TRUE,0,6,65,16,4066,19561,1610932756079,1610932775640
sona-37557,red,blue,trial,17,liar,red,6,0.5,6,0,6,6,0,TRUE,6,-3,65,16,5707,20817,1610932776646,1610932797463
sona-37557,red,blue,trial,18,liar,red,6,0.5,5,1,5,5,1,FALSE,5,1,65,16,1801,16808,1610932798471,1610932815279
sona-37557,red,blue,trial,19,liar,red,6,0.5,3,3,4,4,2,TRUE,0,6,65,16,4020,18901,1610932816286,1610932835187
sona-37557,red,blue,trial,20,liar,red,6,0.5,1,5,2,2,4,FALSE,2,4,65,16,4435,18929,1610932836205,1610932855134
sona-23846,red,blue,trial,1,detector,blue,6,0.5,3,3,5,1,5,TRUE,6,0,0,0,2268,10824,1610822807774,1610822818598
sona-23846,red,blue,trial,2,detector,blue,6,0.5,2,4,0,6,0,TRUE,6,0,0,0,1271,9647,1610822819601,1610822829248
sona-23846,red,blue,trial,3,detector,blue,6,0.5,4,2,2,4,2,FALSE,4,2,0,0,10978,19411,1610822830250,1610822849661
sona-23846,red,blue,trial,4,detector,blue,6,0.5,4,2,2,4,2,FALSE,4,2,0,0,1819,10216,1610822850663,1610822860879
sona-23846,red,blue,trial,5,detector,blue,6,0.5,3,3,1,5,1,TRUE,6,0,0,0,1648,10063,1610822861881,1610822871944
sona-23846,red,blue,trial,6,detector,blue,6,0.5,5,1,3,3,3,FALSE,3,3,26,4,1626,10093,1610822875452,1610822885545
sona-23846,red,blue,trial,7,detector,blue,6,0.5,3,3,3,3,3,FALSE,3,3,26,4,1545,10104,1610822886550,1610822896654
sona-23846,red,blue,trial,8,detector,blue,6,0.5,5,1,6,0,6,TRUE,6,0,26,4,1186,9833,1610822897656,1610822907489
sona-23846,red,blue,trial,9,detector,blue,6,0.5,2,4,3,3,3,FALSE,3,3,26,4,1473,9928,1610822908490,1610822918418
sona-23846,red,blue,trial,10,detector,blue,6,0.5,3,3,6,0,6,TRUE,6,0,26,4,1965,10557,1610822919421,1610822929978
sona-23846,red,blue,trial,11,liar,red,6,0.5,2,4,3,3,3,FALSE,3,3,47,13,7367,26010,1610822950565,1610822976575
sona-23846,red,blue,trial,12,liar,red,6,0.5,3,3,4,4,2,FALSE,4,2,47,13,27314,42851,1610822977581,1610823020432
sona-23846,red,blue,trial,13,liar,red,6,0.5,4,2,4,4,2,TRUE,4,-1,47,13,17497,34674,1610823021437,1610823056111
sona-23846,red,blue,trial,14,liar,red,6,0.5,1,5,3,3,3,FALSE,3,3,47,13,5640,21129,1610823057115,1610823078244
sona-23846,red,blue,trial,15,liar,red,6,0.5,0,6,4,4,2,FALSE,4,2,47,13,4514,22678,1610823079254,1610823101932
sona-23846,red,blue,trial,16,liar,red,6,0.5,3,3,5,5,1,TRUE,0,6,65,22,1643,16805,1610823105444,1610823122249
sona-23846,red,blue,trial,17,liar,red,6,0.5,5,1,5,5,1,TRUE,5,-2,65,22,5940,20846,1610823123257,1610823144103
sona-23846,red,blue,trial,18,liar,red,6,0.5,3,3,4,4,2,FALSE,4,2,65,22,2322,17252,1610823145168,1610823162420
sona-23846,red,blue,trial,19,liar,red,6,0.5,2,4,3,3,3,FALSE,3,3,65,22,1288,16146,1610823163427,1610823179573
sona-23846,red,blue,trial,20,liar,red,6,0.5,6,0,5,5,1,TRUE,0,6,65,22,1420,16928,1610823180578,1610823197506
sona-31898,blue,red,trial,1,detector,red,6,0.5,4,2,2,2,4,FALSE,2,4,0,0,9520,18016,1610824783131,1610824801147
sona-31898,blue,red,trial,2,detector,red,6,0.5,3,3,3,3,3,FALSE,3,3,0,0,5055,13431,1610824802176,1610824815607
sona-31898,blue,red,trial,3,detector,red,6,0.5,2,4,3,3,3,FALSE,3,3,0,0,5523,14063,1610824816635,1610824830698
sona-31898,blue,red,trial,4,detector,red,6,0.5,3,3,6,6,0,TRUE,0,6,0,0,2233,10694,1610824831726,1610824842420
sona-31898,blue,red,trial,5,detector,red,6,0.5,2,4,1,1,5,FALSE,1,5,0,0,2381,10855,1610824843449,1610824854304
sona-31898,blue,red,trial,6,detector,red,6,0.5,5,1,1,1,5,TRUE,0,6,9,21,15194,23646,1610824857811,1610824881457
sona-31898,blue,red,trial,7,detector,red,6,0.5,4,2,1,1,5,FALSE,1,5,9,21,6125,14788,1610824882497,1610824897285
sona-31898,blue,red,trial,8,detector,red,6,0.5,5,1,5,5,1,TRUE,5,-2,9,21,2478,11099,1610824898320,1610824909419
sona-31898,blue,red,trial,9,detector,red,6,0.5,2,4,5,5,1,TRUE,0,6,9,21,2003,10567,1610824910429,1610824920996
sona-31898,blue,red,trial,10,detector,red,6,0.5,3,3,0,0,6,FALSE,0,6,9,21,1615,10060,1610824922033,1610824932093
sona-31898,blue,red,trial,11,liar,blue,6,0.5,3,3,3,3,3,FALSE,3,3,15,42,1586,19483,1610824950815,1610824970298
sona-31898,blue,red,trial,12,liar,blue,6,0.5,2,4,4,2,4,FALSE,2,4,15,42,1949,17472,1610824971301,1610824988773
sona-31898,blue,red,trial,13,liar,blue,6,0.5,0,6,6,0,6,TRUE,-3,6,15,42,1481,17503,1610824989801,1610825007304
sona-31898,blue,red,trial,14,liar,blue,6,0.5,1,5,5,1,5,TRUE,-2,5,15,42,1655,17338,1610825008334,1610825025672
sona-31898,blue,red,trial,15,liar,blue,6,0.5,3,3,3,3,3,FALSE,3,3,15,42,1228,16722,1610825026703,1610825043425
sona-31898,blue,red,trial,16,liar,blue,6,0.5,4,2,3,3,3,TRUE,6,0,18,63,1591,16977,1610825046935,1610825063912
sona-31898,blue,red,trial,17,liar,blue,6,0.5,1,5,5,1,5,FALSE,1,5,18,63,1452,17455,1610825064946,1610825082401
sona-31898,blue,red,trial,18,liar,blue,6,0.5,5,1,3,3,3,TRUE,6,0,18,63,3119,17923,1610825083431,1610825101354
sona-31898,blue,red,trial,19,liar,blue,6,0.5,6,0,4,2,4,TRUE,6,0,18,63,7006,22332,1610825102387,1610825124720
sona-31898,blue,red,trial,20,liar,blue,6,0.5,2,4,4,2,4,FALSE,2,4,18,63,1925,17293,1610825125748,1610825143041
sona-34046,blue,red,trial,1,detector,red,6,0.5,5,1,5,5,1,FALSE,5,1,0,0,7605,16050,1610592184333,1610592200383
sona-34046,blue,red,trial,2,detector,red,6,0.5,3,3,6,6,0,TRUE,0,6,0,0,1441,10091,1610592201388,1610592211479
sona-34046,blue,red,trial,3,detector,red,6,0.5,0,6,0,0,6,FALSE,0,6,0,0,2838,11547,1610592212485,1610592224032
sona-34046,blue,red,trial,4,detector,red,6,0.5,2,4,3,3,3,FALSE,3,3,0,0,1842,10462,1610592225037,1610592235499
sona-34046,blue,red,trial,5,detector,red,6,0.5,4,2,1,1,5,FALSE,1,5,0,0,3558,12209,1610592236504,1610592248713
sona-34046,blue,red,trial,6,detector,red,6,0.5,2,4,4,4,2,FALSE,4,2,9,21,3150,11720,1610592252228,1610592263948
sona-34046,blue,red,trial,7,detector,red,6,0.5,3,3,5,5,1,TRUE,0,6,9,21,2273,10840,1610592264951,1610592275791
sona-34046,blue,red,trial,8,detector,red,6,0.5,4,2,0,0,6,FALSE,0,6,9,21,4710,13224,1610592276794,1610592290018
sona-34046,blue,red,trial,9,detector,red,6,0.5,4,2,4,4,2,FALSE,4,2,9,21,3026,11513,1610592291021,1610592302534
sona-34046,blue,red,trial,10,detector,red,6,0.5,2,4,1,1,5,FALSE,1,5,9,21,4212,12597,1610592303536,1610592316133
sona-34046,blue,red,trial,11,liar,blue,6,0.5,5,1,0,6,0,FALSE,6,0,18,42,10846,27643,1610592332896,1610592360539
sona-34046,blue,red,trial,12,liar,blue,6,0.5,4,2,2,4,2,FALSE,4,2,18,42,1921,18017,1610592361546,1610592379563
sona-34046,blue,red,trial,13,liar,blue,6,0.5,3,3,3,3,3,TRUE,0,3,18,42,6731,22252,1610592380566,1610592402818
sona-34046,blue,red,trial,14,liar,blue,6,0.5,3,3,3,3,3,TRUE,0,3,18,42,1074,16010,1610592403822,1610592419832
sona-34046,blue,red,trial,15,liar,blue,6,0.5,4,2,4,2,4,TRUE,6,0,18,42,7052,22133,1610592420837,1610592442970
sona-34046,blue,red,trial,16,liar,blue,6,0.5,6,0,0,6,0,FALSE,6,0,34,50,5654,21149,1610592446480,1610592467629
sona-34046,blue,red,trial,17,liar,blue,6,0.5,4,2,2,4,2,FALSE,4,2,34,50,2461,20530,1610592468636,1610592489166
sona-34046,blue,red,trial,18,liar,blue,6,0.5,0,6,6,0,6,TRUE,-3,6,34,50,1815,19500,1610592490171,1610592509671
sona-34046,blue,red,trial,19,liar,blue,6,0.5,5,1,1,5,1,TRUE,2,1,34,50,10118,26834,1610592510685,1610592537519
sona-34046,blue,red,trial,20,liar,blue,6,0.5,1,5,5,1,5,FALSE,1,5,34,50,1392,15960,1610592538528,1610592554489
sona-34752,red,blue,trial,1,detector,blue,6,0.5,4,2,0,6,0,TRUE,6,0,0,0,10249,18934,1610921932895,1610921951829
sona-34752,red,blue,trial,2,detector,blue,6,0.5,2,4,6,0,6,TRUE,6,0,0,0,5383,14064,1610921952836,1610921966900
sona-34752,red,blue,trial,3,detector,blue,6,0.5,3,3,3,3,3,FALSE,3,3,0,0,1568,10302,1610921967906,1610921978208
sona-34752,red,blue,trial,4,detector,blue,6,0.5,4,2,3,3,3,FALSE,3,3,0,0,10643,19214,1610921979214,1610921998428
sona-34752,red,blue,trial,5,detector,blue,6,0.5,4,2,0,6,0,TRUE,6,0,0,0,2415,10933,1610921999435,1610922010368
sona-34752,red,blue,trial,6,detector,blue,6,0.5,2,4,6,0,6,TRUE,6,0,24,6,1951,10507,1610922013908,1610922024415
sona-34752,red,blue,trial,7,detector,blue,6,0.5,1,5,5,1,5,FALSE,1,5,24,6,2116,10760,1610922025426,1610922036186
sona-34752,red,blue,trial,8,detector,blue,6,0.5,3,3,5,1,5,TRUE,6,0,24,6,1813,10396,1610922037192,1610922047588
sona-34752,red,blue,trial,9,detector,blue,6,0.5,5,1,1,5,1,FALSE,5,1,24,6,2842,11634,1610922048603,1610922060237
sona-34752,red,blue,trial,10,detector,blue,6,0.5,2,4,4,2,4,FALSE,2,4,24,6,1604,10039,1610922061242,1610922071281
sona-34752,red,blue,trial,11,liar,red,6,0.5,3,3,3,3,3,FALSE,3,3,44,16,6720,32448,1610922093182,1610922125630
sona-34752,red,blue,trial,12,liar,red,6,0.5,0,6,0,0,6,TRUE,0,3,44,16,1769,17091,1610922126668,1610922143759
sona-34752,red,blue,trial,13,liar,red,6,0.5,5,1,6,6,0,FALSE,6,0,44,16,1718,16901,1610922144771,1610922161672
sona-34752,red,blue,trial,14,liar,red,6,0.5,3,3,3,3,3,FALSE,3,3,44,16,1271,16766,1610922162696,1610922179462
sona-34752,red,blue,trial,15,liar,red,6,0.5,1,5,4,4,2,FALSE,4,2,44,16,1981,17226,1610922180484,1610922197710
sona-34752,red,blue,trial,16,liar,red,6,0.5,4,2,1,1,5,FALSE,1,5,60,27,975,16190,1610922201306,1610922217496
sona-34752,red,blue,trial,17,liar,red,6,0.5,4,2,4,4,2,FALSE,4,2,60,27,1805,17056,1610922218534,1610922235590
sona-34752,red,blue,trial,18,liar,red,6,0.5,6,0,6,6,0,TRUE,6,-3,60,27,1101,16668,1610922236641,1610922253309
sona-34752,red,blue,trial,19,liar,red,6,0.5,5,1,5,5,1,FALSE,5,1,60,27,1215,17600,1610922254345,1610922271945
sona-34752,red,blue,trial,20,liar,red,6,0.5,3,3,3,3,3,TRUE,3,0,60,27,941,15925,1610922272980,1610922288905
sona-27715,blue,red,trial,1,detector,red,6,0.5,3,3,6,6,0,TRUE,0,6,0,0,3112,11817,1610414982025,1610414993842
sona-27715,blue,red,trial,2,detector,red,6,0.5,2,4,4,4,2,TRUE,0,6,0,0,7303,15959,1610414994852,1610415010811
sona-27715,blue,red,trial,3,detector,red,6,0.5,5,1,0,0,6,TRUE,0,6,0,0,5033,13599,1610415011820,1610415025419
sona-27715,blue,red,trial,4,detector,red,6,0.5,3,3,1,1,5,FALSE,1,5,0,0,2562,11010,1610415026422,1610415037432
sona-27715,blue,red,trial,5,detector,red,6,0.5,4,2,5,5,1,FALSE,5,1,0,0,3853,12382,1610415038434,1610415050816
sona-27715,blue,red,trial,6,detector,red,6,0.5,2,4,6,6,0,TRUE,0,6,6,24,3190,11873,1610415054324,1610415066197
sona-27715,blue,red,trial,7,detector,red,6,0.5,3,3,5,5,1,FALSE,5,1,6,24,3418,11998,1610415067205,1610415079203
sona-27715,blue,red,trial,8,detector,red,6,0.5,3,3,1,1,5,FALSE,1,5,6,24,3589,12086,1610415080207,1610415092293
sona-27715,blue,red,trial,9,detector,red,6,0.5,4,2,4,4,2,FALSE,4,2,6,24,2831,11218,1610415093300,1610415104518
sona-27715,blue,red,trial,10,detector,red,6,0.5,4,2,5,5,1,TRUE,0,6,6,24,2488,10968,1610415105531,1610415116499
sona-27715,blue,red,trial,11,liar,blue,6,0.5,6,0,0,6,0,FALSE,6,0,16,44,8052,24730,1610415136696,1610415161426
sona-27715,blue,red,trial,12,liar,blue,6,0.5,2,4,4,2,4,TRUE,-1,4,16,44,3463,19677,1610415162437,1610415182114
sona-27715,blue,red,trial,13,liar,blue,6,0.5,5,1,0,6,0,FALSE,6,0,16,44,2105,17751,1610415183130,1610415200881
sona-27715,blue,red,trial,14,liar,blue,6,0.5,1,5,5,1,5,FALSE,1,5,16,44,2634,18020,1610415201889,1610415219909
sona-27715,blue,red,trial,15,liar,blue,6,0.5,2,4,6,0,6,FALSE,0,6,16,44,4068,18710,1610415220923,1610415239633
sona-27715,blue,red,trial,16,liar,blue,6,0.5,0,6,6,0,6,TRUE,-3,6,28,59,2499,18230,1610415243148,1610415261378
sona-27715,blue,red,trial,17,liar,blue,6,0.5,4,2,0,6,0,FALSE,6,0,28,59,6647,21485,1610415262394,1610415283879
sona-27715,blue,red,trial,18,liar,blue,6,0.5,3,3,3,3,3,FALSE,3,3,28,59,3442,18147,1610415284896,1610415303043
sona-27715,blue,red,trial,19,liar,blue,6,0.5,5,1,1,5,1,FALSE,5,1,28,59,1851,17343,1610415304059,1610415321402
sona-27715,blue,red,trial,20,liar,blue,6,0.5,5,1,1,5,1,FALSE,5,1,28,59,1839,17529,1610415322410,1610415339939
sona-22652,blue,red,trial,1,detector,red,6,0.5,3,3,5,5,1,TRUE,0,6,0,0,11490,19925,1610481319126,1610481339051
sona-22652,blue,red,trial,2,detector,red,6,0.5,3,3,1,1,5,TRUE,0,6,0,0,12560,21017,1610481340057,1610481361074
sona-22652,blue,red,trial,3,detector,red,6,0.5,4,2,4,4,2,FALSE,4,2,0,0,9515,18014,1610481362077,1610481380091
sona-22652,blue,red,trial,4,detector,red,6,0.5,3,3,4,4,2,FALSE,4,2,0,0,9508,17992,1610481381097,1610481399089
sona-22652,blue,red,trial,5,detector,red,6,0.5,2,4,2,2,4,TRUE,2,1,0,0,12674,21172,1610481400094,1610481421266
sona-22652,blue,red,trial,6,detector,red,6,0.5,3,3,1,1,5,TRUE,0,6,10,17,6817,15433,1610481424771,1610481440204
sona-22652,blue,red,trial,7,detector,red,6,0.5,4,2,5,5,1,TRUE,0,6,10,17,14407,22963,1610481441208,1610481464171
sona-22652,blue,red,trial,8,detector,red,6,0.5,3,3,0,0,6,TRUE,0,6,10,17,9174,17704,1610481465174,1610481482878
sona-22652,blue,red,trial,9,detector,red,6,0.5,3,3,6,6,0,TRUE,0,6,10,17,6522,14901,1610481483882,1610481498783
sona-22652,blue,red,trial,10,detector,red,6,0.5,2,4,0,0,6,TRUE,0,6,10,17,6675,15057,1610481499785,1610481514842
sona-22652,blue,red,trial,11,liar,blue,6,0.5,6,0,4,2,4,TRUE,6,0,10,47,8876,24418,1610481532019,1610481556437
sona-22652,blue,red,trial,12,liar,blue,6,0.5,3,3,1,5,1,FALSE,5,1,10,47,20021,40896,1610481557442,1610481598338
sona-22652,blue,red,trial,13,liar,blue,6,0.5,5,1,3,3,3,FALSE,3,3,10,47,11653,28377,1610481599342,1610481627719
sona-22652,blue,red,trial,14,liar,blue,6,0.5,1,5,4,2,4,TRUE,6,0,10,47,10103,28568,1610481628723,1610481657291
sona-22652,blue,red,trial,15,liar,blue,6,0.5,0,6,5,1,5,FALSE,1,5,10,47,6353,22073,1610481658298,1610481680371
sona-22652,blue,red,trial,16,liar,blue,6,0.5,3,3,3,3,3,FALSE,3,3,31,56,3450,18746,1610481683879,1610481702625
sona-22652,blue,red,trial,17,liar,blue,6,0.5,5,1,2,4,2,FALSE,4,2,31,56,4821,21232,1610481703631,1610481724863
sona-22652,blue,red,trial,18,liar,blue,6,0.5,4,2,4,2,4,FALSE,2,4,31,56,4484,19173,1610481725872,1610481745045
sona-22652,blue,red,trial,19,liar,blue,6,0.5,3,3,2,4,2,TRUE,6,0,31,56,6094,21800,1610481746053,1610481767853
sona-22652,blue,red,trial,20,liar,blue,6,0.5,2,4,2,4,2,TRUE,6,0,31,56,5964,22509,1610481768859,1610481791368
sona-32193,blue,red,trial,1,liar,blue,6,0.5,3,3,2,4,2,TRUE,6,0,0,0,6019,22893,1610644922565,1610644945458
sona-32193,blue,red,trial,2,liar,blue,6,0.5,4,2,3,3,3,FALSE,3,3,0,0,2577,18766,1610644946482,1610644965248
sona-32193,blue,red,trial,3,liar,blue,6,0.5,3,3,3,3,3,FALSE,3,3,0,0,2471,19269,1610644966277,1610644985546
sona-32193,blue,red,trial,4,liar,blue,6,0.5,1,5,5,1,5,FALSE,1,5,0,0,2294,18340,1610644986549,1610645004889
sona-32193,blue,red,trial,5,liar,blue,6,0.5,5,1,1,5,1,FALSE,5,1,0,0,2484,18521,1610645005893,1610645024414
sona-32193,blue,red,trial,6,liar,blue,6,0.5,0,6,6,0,6,FALSE,0,6,18,12,3636,19611,1610645027923,1610645047534
sona-32193,blue,red,trial,7,liar,blue,6,0.5,4,2,2,4,2,FALSE,4,2,18,12,1860,17626,1610645048564,1610645066190
sona-32193,blue,red,trial,8,liar,blue,6,0.5,3,3,3,3,3,FALSE,3,3,18,12,2584,21572,1610645067217,1610645088789
sona-32193,blue,red,trial,9,liar,blue,6,0.5,2,4,3,3,3,TRUE,6,0,18,12,2418,18495,1610645089794,1610645108289
sona-32193,blue,red,trial,10,liar,blue,6,0.5,6,0,0,6,0,TRUE,3,0,18,12,2775,18376,1610645109320,1610645127696
sona-32193,blue,red,trial,11,detector,red,6,0.5,5,1,5,5,1,FALSE,5,1,34,23,5040,13722,1610645144430,1610645158152
sona-32193,blue,red,trial,12,detector,red,6,0.5,2,4,2,2,4,TRUE,2,1,34,23,5081,13474,1610645159178,1610645172652
sona-32193,blue,red,trial,13,detector,red,6,0.5,4,2,0,0,6,TRUE,0,6,34,23,2174,10767,1610645173655,1610645184422
sona-32193,blue,red,trial,14,detector,red,6,0.5,0,6,3,3,3,FALSE,3,3,34,23,1797,10379,1610645185445,1610645195824
sona-32193,blue,red,trial,15,detector,red,6,0.5,3,3,2,2,4,FALSE,2,4,34,23,1587,10009,1610645196847,1610645206856
sona-32193,blue,red,trial,16,detector,red,6,0.5,2,4,6,6,0,FALSE,6,0,46,38,835,9294,1610645210363,1610645219657
sona-32193,blue,red,trial,17,detector,red,6,0.5,4,2,4,4,2,FALSE,4,2,46,38,4531,13198,1610645220682,1610645233880
sona-32193,blue,red,trial,18,detector,red,6,0.5,3,3,1,1,5,TRUE,0,6,46,38,1366,9936,1610645234906,1610645244842
sona-32193,blue,red,trial,19,detector,red,6,0.5,3,3,1,1,5,FALSE,1,5,46,38,1541,10134,1610645245868,1610645256002
sona-32193,blue,red,trial,20,detector,red,6,0.5,3,3,5,5,1,TRUE,0,6,46,38,1838,10578,1610645257031,1610645267609
sona-30874,blue,red,trial,1,liar,blue,6,0.5,0,6,6,0,6,TRUE,-3,6,0,0,2815,18127,1610449570675,1610449588802
sona-30874,blue,red,trial,2,liar,blue,6,0.5,1,5,5,1,5,TRUE,-2,5,0,0,2818,18833,1610449589838,1610449608671
sona-30874,blue,red,trial,3,liar,blue,6,0.5,3,3,3,3,3,FALSE,3,3,0,0,2122,16965,1610449609703,1610449626668
sona-30874,blue,red,trial,4,liar,blue,6,0.5,5,1,2,4,2,FALSE,4,2,0,0,10301,24938,1610449627707,1610449652645
sona-30874,blue,red,trial,5,liar,blue,6,0.5,6,0,1,5,1,TRUE,6,0,0,0,6024,20841,1610449653678,1610449674519
sona-30874,blue,red,trial,6,liar,blue,6,0.5,4,2,3,3,3,TRUE,6,0,8,16,4913,20071,1610449678034,1610449698105
sona-30874,blue,red,trial,7,liar,blue,6,0.5,3,3,3,3,3,FALSE,3,3,8,16,1301,15970,1610449699134,1610449715104
sona-30874,blue,red,trial,8,liar,blue,6,0.5,4,2,2,4,2,FALSE,4,2,8,16,2498,17151,1610449716134,1610449733285
sona-30874,blue,red,trial,9,liar,blue,6,0.5,1,5,5,1,5,TRUE,-2,5,8,16,2232,17546,1610449734321,1610449751867
sona-30874,blue,red,trial,10,liar,blue,6,0.5,3,3,4,2,4,TRUE,6,0,8,16,4025,19078,1610449752897,1610449771975
sona-30874,blue,red,trial,11,detector,red,6,0.5,2,4,2,2,4,FALSE,2,4,25,26,9829,18275,1610449831031,1610449849306
sona-30874,blue,red,trial,12,detector,red,6,0.5,3,3,0,0,6,FALSE,0,6,25,26,2623,11078,1610449850376,1610449861454
sona-30874,blue,red,trial,13,detector,red,6,0.5,4,2,6,6,0,TRUE,0,6,25,26,5411,13849,1610449862481,1610449876330
sona-30874,blue,red,trial,14,detector,red,6,0.5,2,4,3,3,3,FALSE,3,3,25,26,2776,11236,1610449877371,1610449888607
sona-30874,blue,red,trial,15,detector,red,6,0.5,2,4,5,5,1,FALSE,5,1,25,26,5389,14089,1610449889637,1610449903726
sona-30874,blue,red,trial,16,detector,red,6,0.5,3,3,3,3,3,FALSE,3,3,35,46,1776,10457,1610449907236,1610449917693
sona-30874,blue,red,trial,17,detector,red,6,0.5,4,2,4,4,2,TRUE,4,-1,35,46,5511,13945,1610449918721,1610449932666
sona-30874,blue,red,trial,18,detector,red,6,0.5,2,4,1,1,5,FALSE,1,5,35,46,2189,10767,1610449933698,1610449944465
sona-30874,blue,red,trial,19,detector,red,6,0.5,3,3,5,5,1,TRUE,0,6,35,46,17712,26330,1610449945492,1610449971822
sona-30874,blue,red,trial,20,detector,red,6,0.5,3,3,1,1,5,FALSE,1,5,35,46,1540,9979,1610449972854,1610449982833
sona-28394,blue,red,trial,1,detector,red,6,0.5,4,2,4,4,2,FALSE,4,2,0,0,3256,11657,1610662508667,1610662520324
sona-28394,blue,red,trial,2,detector,red,6,0.5,4,2,5,5,1,TRUE,0,6,0,0,17573,26053,1610662521327,1610662547380
sona-28394,blue,red,trial,3,detector,red,6,0.5,4,2,5,5,1,FALSE,5,1,0,0,10220,18816,1610662548382,1610662567198
sona-28394,blue,red,trial,4,detector,red,6,0.5,3,3,1,1,5,FALSE,1,5,0,0,18414,27120,1610662568200,1610662595320
sona-28394,blue,red,trial,5,detector,red,6,0.5,3,3,6,6,0,TRUE,0,6,0,0,1993,10752,1610662596323,1610662607075
sona-28394,blue,red,trial,6,detector,red,6,0.5,6,0,5,5,1,TRUE,0,6,10,20,37890,46608,1610662610582,1610662657190
sona-28394,blue,red,trial,7,detector,red,6,0.5,5,1,5,5,1,FALSE,5,1,10,20,10217,18755,1610662658192,1610662676947
sona-28394,blue,red,trial,8,detector,red,6,0.5,5,1,0,0,6,FALSE,0,6,10,20,7361,16056,1610662677950,1610662694006
sona-28394,blue,red,trial,9,detector,red,6,0.5,3,3,6,6,0,TRUE,0,6,10,20,2073,10744,1610662695008,1610662705752
sona-28394,blue,red,trial,10,detector,red,6,0.5,2,4,3,3,3,FALSE,3,3,10,20,1731,10126,1610662706755,1610662716881
sona-28394,blue,red,trial,11,liar,blue,6,0.5,3,3,4,2,4,FALSE,2,4,18,42,4352,21399,1610662733481,1610662754880
sona-28394,blue,red,trial,12,liar,blue,6,0.5,5,1,1,5,1,TRUE,2,1,18,42,2868,19144,1610662755889,1610662775033
sona-28394,blue,red,trial,13,liar,blue,6,0.5,6,0,0,6,0,FALSE,6,0,18,42,3886,19566,1610662776037,1610662795603
sona-28394,blue,red,trial,14,liar,blue,6,0.5,0,6,4,2,4,FALSE,2,4,18,42,4048,19777,1610662796610,1610662816387
sona-28394,blue,red,trial,15,liar,blue,6,0.5,3,3,3,3,3,TRUE,0,3,18,42,2098,17430,1610662817395,1610662834825
sona-28394,blue,red,trial,16,liar,blue,6,0.5,3,3,4,2,4,TRUE,6,0,30,54,5300,21175,1610662838346,1610662859521
sona-28394,blue,red,trial,17,liar,blue,6,0.5,5,1,1,5,1,FALSE,5,1,30,54,2516,20609,1610662860530,1610662881139
sona-28394,blue,red,trial,18,liar,blue,6,0.5,4,2,4,2,4,TRUE,6,0,30,54,3726,19312,1610662882146,1610662901458
sona-28394,blue,red,trial,19,liar,blue,6,0.5,4,2,2,4,2,FALSE,4,2,30,54,4760,20723,1610662902465,1610662923188
sona-28394,blue,red,trial,20,liar,blue,6,0.5,1,5,5,1,5,FALSE,1,5,30,54,2732,18304,1610662924193,1610662942497
sona-22182,blue,red,trial,1,liar,blue,6,0.5,1,5,5,1,5,TRUE,-2,5,0,0,37173,54221,1610521213435,1610521267656
sona-22182,blue,red,trial,2,liar,blue,6,0.5,4,2,2,4,2,FALSE,4,2,0,0,11303,27562,1610521268674,1610521296236
sona-22182,blue,red,trial,3,liar,blue,6,0.5,5,1,1,5,1,FALSE,5,1,0,0,4088,19396,1610521297250,1610521316646
sona-22182,blue,red,trial,4,liar,blue,6,0.5,0,6,6,0,6,TRUE,-3,6,0,0,3840,20097,1610521317659,1610521337756
sona-22182,blue,red,trial,5,liar,blue,6,0.5,1,5,5,1,5,TRUE,-2,5,0,0,2664,18178,1610521338770,1610521356948
sona-22182,blue,red,trial,6,liar,blue,6,0.5,4,2,2,4,2,TRUE,1,2,2,19,4901,19720,1610521360501,1610521380221
sona-22182,blue,red,trial,7,liar,blue,6,0.5,2,4,4,2,4,FALSE,2,4,2,19,3633,19073,1610521381265,1610521400338
sona-22182,blue,red,trial,8,liar,blue,6,0.5,4,2,2,4,2,TRUE,1,2,2,19,1881,18420,1610521401363,1610521419783
sona-22182,blue,red,trial,9,liar,blue,6,0.5,6,0,0,6,0,FALSE,6,0,2,19,3256,18392,1610521420814,1610521439206
sona-22182,blue,red,trial,10,liar,blue,6,0.5,1,5,5,1,5,FALSE,1,5,2,19,3305,19992,1610521440218,1610521460210
sona-22182,blue,red,trial,11,detector,red,6,0.5,5,1,4,4,2,TRUE,0,6,13,32,6596,14983,1610521477054,1610521492037
sona-22182,blue,red,trial,12,detector,red,6,0.5,3,3,1,1,5,FALSE,1,5,13,32,4900,13313,1610521493044,1610521506357
sona-22182,blue,red,trial,13,detector,red,6,0.5,3,3,2,2,4,FALSE,2,4,13,32,43287,52014,1610521507366,1610521559380
sona-22182,blue,red,trial,14,detector,red,6,0.5,1,5,0,0,6,FALSE,0,6,13,32,2824,11392,1610521560394,1610521571786
sona-22182,blue,red,trial,15,detector,red,6,0.5,2,4,6,6,0,TRUE,0,6,13,32,3495,11926,1610521572795,1610521584721
sona-22182,blue,red,trial,16,detector,red,6,0.5,3,3,3,3,3,FALSE,3,3,16,59,3516,12172,1610521588236,1610521600408
sona-22182,blue,red,trial,17,detector,red,6,0.5,3,3,2,2,4,FALSE,2,4,16,59,1920,10488,1610521601413,1610521611901
sona-22182,blue,red,trial,18,detector,red,6,0.5,2,4,4,4,2,TRUE,0,6,16,59,3093,11802,1610521612907,1610521624709
sona-22182,blue,red,trial,19,detector,red,6,0.5,3,3,5,5,1,TRUE,0,6,16,59,1655,10065,1610521625726,1610521635791
sona-22182,blue,red,trial,20,detector,red,6,0.5,2,4,4,4,2,FALSE,4,2,16,59,1780,10305,1610521636797,1610521647102
sona-36509,blue,red,trial,1,liar,blue,6,0.5,3,3,3,3,3,TRUE,0,3,0,0,3127,17898,1611083804211,1611083822109
sona-36509,blue,red,trial,2,liar,blue,6,0.5,4,2,2,4,2,FALSE,4,2,0,0,4194,21248,1611083823125,1611083844373
sona-36509,blue,red,trial,3,liar,blue,6,0.5,6,0,0,6,0,FALSE,6,0,0,0,3272,18882,1611083845387,1611083864269
sona-36509,blue,red,trial,4,liar,blue,6,0.5,5,1,2,4,2,TRUE,6,0,0,0,2790,17609,1611083865282,1611083882891
sona-36509,blue,red,trial,5,liar,blue,6,0.5,3,3,4,2,4,TRUE,6,0,0,0,3571,21523,1611083883905,1611083905428
sona-36509,blue,red,trial,6,liar,blue,6,0.5,5,1,4,2,4,TRUE,6,0,22,5,3697,18302,1611083908958,1611083927261
sona-36509,blue,red,trial,7,liar,blue,6,0.5,2,4,4,2,4,TRUE,-1,4,22,5,5858,20770,1611083928273,1611083949043
sona-36509,blue,red,trial,8,liar,blue,6,0.5,0,6,6,0,6,FALSE,0,6,22,5,3748,18577,1611083950059,1611083968636
sona-36509,blue,red,trial,9,liar,blue,6,0.5,1,5,5,1,5,TRUE,-2,5,22,5,3866,18374,1611083969657,1611083988031
sona-36509,blue,red,trial,10,liar,blue,6,0.5,4,2,3,3,3,TRUE,6,0,22,5,3914,18776,1611083989046,1611084007822
sona-36509,blue,red,trial,11,detector,red,6,0.5,3,3,0,0,6,TRUE,0,6,31,20,7971,16364,1611084024458,1611084040822
sona-36509,blue,red,trial,12,detector,red,6,0.5,4,2,4,4,2,FALSE,4,2,31,20,2594,11312,1611084041832,1611084053144
sona-36509,blue,red,trial,13,detector,red,6,0.5,0,6,1,1,5,FALSE,1,5,31,20,2096,10751,1611084054159,1611084064910
sona-36509,blue,red,trial,14,detector,red,6,0.5,3,3,1,1,5,FALSE,1,5,31,20,2554,11228,1611084065917,1611084077145
sona-36509,blue,red,trial,15,detector,red,6,0.5,5,1,6,6,0,FALSE,6,0,31,20,631,9325,1611084078149,1611084087474
sona-36509,blue,red,trial,16,detector,red,6,0.5,5,1,0,0,6,TRUE,0,6,43,38,3619,12218,1611084090993,1611084103211
sona-36509,blue,red,trial,17,detector,red,6,0.5,1,5,5,5,1,FALSE,5,1,43,38,1606,10205,1611084104219,1611084114424
sona-36509,blue,red,trial,18,detector,red,6,0.5,4,2,2,2,4,FALSE,2,4,43,38,1257,9877,1611084115428,1611084125305
sona-36509,blue,red,trial,19,detector,red,6,0.5,6,0,5,5,1,FALSE,5,1,43,38,564,9054,1611084126311,1611084135365
sona-36509,blue,red,trial,20,detector,red,6,0.5,4,2,4,4,2,FALSE,4,2,43,38,1824,10565,1611084136371,1611084146936
sona-33863,red,blue,trial,1,liar,red,6,0.5,1,5,3,3,3,FALSE,3,3,0,0,11405,27688,1610865545763,1610865573451
sona-33863,red,blue,trial,2,liar,red,6,0.5,4,2,4,4,2,TRUE,4,-1,0,0,1872,17857,1610865574456,1610865592313
sona-33863,red,blue,trial,3,liar,red,6,0.5,5,1,5,5,1,TRUE,5,-2,0,0,1814,16956,1610865593316,1610865610272
sona-33863,red,blue,trial,4,liar,red,6,0.5,5,1,5,5,1,FALSE,5,1,0,0,3148,17607,1610865611276,1610865628883
sona-33863,red,blue,trial,5,liar,red,6,0.5,0,6,3,3,3,FALSE,3,3,0,0,11950,80787,1610865629886,1610865710673
sona-33863,red,blue,trial,6,liar,red,6,0.5,3,3,3,3,3,FALSE,3,3,20,4,1302,16149,1610865714179,1610865730328
sona-33863,red,blue,trial,7,liar,red,6,0.5,2,4,3,3,3,TRUE,0,6,20,4,1996,16658,1610865731330,1610865747988
sona-33863,red,blue,trial,8,liar,red,6,0.5,5,1,5,5,1,FALSE,5,1,20,4,1228,15856,1610865748991,1610865764847
sona-33863,red,blue,trial,9,liar,red,6,0.5,6,0,6,6,0,TRUE,6,-3,20,4,1191,16203,1610865765850,1610865782053
sona-33863,red,blue,trial,10,liar,red,6,0.5,2,4,3,3,3,TRUE,0,6,20,4,997,17960,1610865783056,1610865801016
sona-33863,red,blue,trial,11,detector,blue,6,0.5,4,2,3,3,3,FALSE,3,3,34,17,2455,10892,1610865823664,1610865834556
sona-33863,red,blue,trial,12,detector,blue,6,0.5,3,3,3,3,3,FALSE,3,3,34,17,1655,10391,1610865835558,1610865845949
sona-33863,red,blue,trial,13,detector,blue,6,0.5,3,3,1,5,1,FALSE,5,1,34,17,14655,23088,1610865846952,1610865870040
sona-33863,red,blue,trial,14,detector,blue,6,0.5,3,3,3,3,3,FALSE,3,3,34,17,2460,10902,1610865871043,1610865881945
sona-33863,red,blue,trial,15,detector,blue,6,0.5,4,2,5,1,5,TRUE,6,0,34,17,2516,10911,1610865882948,1610865893859
sona-33863,red,blue,trial,16,detector,blue,6,0.5,4,2,0,6,0,TRUE,6,0,54,27,6136,14762,1610865897362,1610865912124
sona-33863,red,blue,trial,17,detector,blue,6,0.5,3,3,3,3,3,FALSE,3,3,54,27,1828,10486,1610865913127,1610865923613
sona-33863,red,blue,trial,18,detector,blue,6,0.5,4,2,5,1,5,TRUE,6,0,54,27,3719,12240,1610865924616,1610865936856
sona-33863,red,blue,trial,19,detector,blue,6,0.5,4,2,0,6,0,FALSE,6,0,54,27,3106,11694,1610865937858,1610865949552
sona-33863,red,blue,trial,20,detector,blue,6,0.5,5,1,6,0,6,TRUE,6,0,54,27,1441,9846,1610865950555,1610865960401
sona-31961,blue,red,trial,1,detector,red,6,0.5,2,4,6,6,0,TRUE,0,6,0,0,13693,22081,1610578384901,1610578406982
sona-31961,blue,red,trial,2,detector,red,6,0.5,5,1,2,2,4,FALSE,2,4,0,0,8299,16747,1610578407985,1610578424732
sona-31961,blue,red,trial,3,detector,red,6,0.5,3,3,5,5,1,FALSE,5,1,0,0,7219,15648,1610578425734,1610578441382
sona-31961,blue,red,trial,4,detector,red,6,0.5,2,4,5,5,1,TRUE,0,6,0,0,3548,12251,1610578442385,1610578454636
sona-31961,blue,red,trial,5,detector,red,6,0.5,3,3,1,1,5,FALSE,1,5,0,0,13761,22278,1610578455639,1610578477917
sona-31961,blue,red,trial,6,detector,red,6,0.5,4,2,5,5,1,TRUE,0,6,8,22,9879,18615,1610578481423,1610578500038
sona-31961,blue,red,trial,7,detector,red,6,0.5,2,4,5,5,1,FALSE,5,1,8,22,6673,15374,1610578501040,1610578516414
sona-31961,blue,red,trial,8,detector,red,6,0.5,2,4,6,6,0,TRUE,0,6,8,22,7164,15860,1610578517416,1610578533276
sona-31961,blue,red,trial,9,detector,red,6,0.5,2,4,2,2,4,FALSE,2,4,8,22,13931,22399,1610578534277,1610578556676
sona-31961,blue,red,trial,10,detector,red,6,0.5,4,2,0,0,6,TRUE,0,6,8,22,5570,14008,1610578557678,1610578571686
sona-31961,blue,red,trial,11,liar,blue,6,0.5,2,4,4,2,4,FALSE,2,4,15,45,13992,29735,1610578588032,1610578617767
sona-31961,blue,red,trial,12,liar,blue,6,0.5,2,4,3,3,3,TRUE,6,0,15,45,3010,18917,1610578618771,1610578637688
sona-31961,blue,red,trial,13,liar,blue,6,0.5,6,0,0,6,0,FALSE,6,0,15,45,1885,18102,1610578638691,1610578656793
sona-31961,blue,red,trial,14,liar,blue,6,0.5,1,5,5,1,5,TRUE,-2,5,15,45,6208,20995,1610578657800,1610578678795
sona-31961,blue,red,trial,15,liar,blue,6,0.5,3,3,3,3,3,TRUE,0,3,15,45,1462,16239,1610578679800,1610578696039
sona-31961,blue,red,trial,16,liar,blue,6,0.5,4,2,3,3,3,FALSE,3,3,27,57,2596,18101,1610578699550,1610578717651
sona-31961,blue,red,trial,17,liar,blue,6,0.5,0,6,6,0,6,FALSE,0,6,27,57,1580,16531,1610578718657,1610578735188
sona-31961,blue,red,trial,18,liar,blue,6,0.5,5,1,4,2,4,TRUE,6,0,27,57,3912,19365,1610578736192,1610578755557
sona-31961,blue,red,trial,19,liar,blue,6,0.5,3,3,4,2,4,FALSE,2,4,27,57,90372,105528,1610578756561,1610578862089
sona-31961,blue,red,trial,20,liar,blue,6,0.5,1,5,4,2,4,FALSE,2,4,27,57,13663,46178,1610578863093,1610578909271
sona-27753,blue,red,trial,1,detector,red,6,0.5,4,2,4,4,2,FALSE,4,2,0,0,12291,21001,1611173711213,1611173732214
sona-27753,blue,red,trial,2,detector,red,6,0.5,4,2,4,4,2,TRUE,4,-1,0,0,7731,16097,1611173733228,1611173749325
sona-27753,blue,red,trial,3,detector,red,6,0.5,3,3,4,4,2,TRUE,0,6,0,0,9567,18088,1611173750335,1611173768423
sona-27753,blue,red,trial,4,detector,red,6,0.5,4,2,4,4,2,TRUE,4,-1,0,0,4385,12945,1611173769434,1611173782380
sona-27753,blue,red,trial,5,detector,red,6,0.5,5,1,1,1,5,TRUE,0,6,0,0,7707,16105,1611173783382,1611173799487
sona-27753,blue,red,trial,6,detector,red,6,0.5,3,3,5,5,1,FALSE,5,1,12,12,6484,14949,1611173802998,1611173817947
sona-27753,blue,red,trial,7,detector,red,6,0.5,3,3,3,3,3,FALSE,3,3,12,12,6996,15498,1611173818954,1611173834452
sona-27753,blue,red,trial,8,detector,red,6,0.5,5,1,0,0,6,TRUE,0,6,12,12,8130,16636,1611173835458,1611173852094
sona-27753,blue,red,trial,9,detector,red,6,0.5,5,1,6,6,0,TRUE,0,6,12,12,3951,12356,1611173853106,1611173865462
sona-27753,blue,red,trial,10,detector,red,6,0.5,2,4,6,6,0,TRUE,0,6,12,12,3273,11733,1611173866467,1611173878200
sona-27753,blue,red,trial,11,liar,blue,6,0.5,3,3,3,3,3,TRUE,0,3,20,34,2133,18563,1611173894760,1611173913323
sona-27753,blue,red,trial,12,liar,blue,6,0.5,1,5,5,1,5,TRUE,-2,5,20,34,2059,16954,1611173914331,1611173931285
sona-27753,blue,red,trial,13,liar,blue,6,0.5,5,1,1,5,1,FALSE,5,1,20,34,2407,17254,1611173932294,1611173949548
sona-27753,blue,red,trial,14,liar,blue,6,0.5,0,6,6,0,6,FALSE,0,6,20,34,1247,15507,1611173950562,1611173966069
sona-27753,blue,red,trial,15,liar,blue,6,0.5,4,2,2,4,2,TRUE,1,2,20,34,1706,16122,1611173967085,1611173983207
sona-27753,blue,red,trial,16,liar,blue,6,0.5,2,4,4,2,4,TRUE,-1,4,24,51,1923,17160,1611173986725,1611174003885
sona-27753,blue,red,trial,17,liar,blue,6,0.5,6,0,0,6,0,FALSE,6,0,24,51,1609,16360,1611174004893,1611174021253
sona-27753,blue,red,trial,18,liar,blue,6,0.5,1,5,5,1,5,FALSE,1,5,24,51,1928,16059,1611174022265,1611174038324
sona-27753,blue,red,trial,19,liar,blue,6,0.5,1,5,5,1,5,FALSE,1,5,24,51,1620,16325,1611174039341,1611174055666
sona-27753,blue,red,trial,20,liar,blue,6,0.5,1,5,5,1,5,FALSE,1,5,24,51,1715,17151,1611174056682,1611174073833
sona-32204,blue,red,trial,1,detector,red,6,0.5,2,4,2,2,4,FALSE,2,4,0,0,7337,15944,1610442171291,1610442187235
sona-32204,blue,red,trial,2,detector,red,6,0.5,4,2,6,6,0,FALSE,6,0,0,0,9270,17710,1610442188237,1610442205947
sona-32204,blue,red,trial,3,detector,red,6,0.5,3,3,5,5,1,FALSE,5,1,0,0,2131,10562,1610442206950,1610442217512
sona-32204,blue,red,trial,4,detector,red,6,0.5,1,5,3,3,3,FALSE,3,3,0,0,2086,10527,1610442218514,1610442229041
sona-32204,blue,red,trial,5,detector,red,6,0.5,4,2,6,6,0,TRUE,0,6,0,0,2032,10659,1610442230070,1610442240729
sona-32204,blue,red,trial,6,detector,red,6,0.5,4,2,0,0,6,FALSE,0,6,16,14,2675,11385,1610442244238,1610442255623
sona-32204,blue,red,trial,7,detector,red,6,0.5,1,5,1,1,5,FALSE,1,5,16,14,1466,10127,1610442256626,1610442266753
sona-32204,blue,red,trial,8,detector,red,6,0.5,2,4,4,4,2,TRUE,0,6,16,14,1016,9567,1610442267791,1610442277358
sona-32204,blue,red,trial,9,detector,red,6,0.5,3,3,3,3,3,FALSE,3,3,16,14,1300,9812,1610442278393,1610442288205
sona-32204,blue,red,trial,10,detector,red,6,0.5,3,3,4,4,2,FALSE,4,2,16,14,2148,10841,1610442289209,1610442300050
sona-32204,blue,red,trial,11,liar,blue,6,0.5,5,1,1,5,1,FALSE,5,1,24,36,2967,17566,1610442321954,1610442339520
sona-32204,blue,red,trial,12,liar,blue,6,0.5,5,1,1,5,1,FALSE,5,1,24,36,1580,17091,1610442340565,1610442357656
sona-32204,blue,red,trial,13,liar,blue,6,0.5,1,5,5,1,5,TRUE,-2,5,24,36,1445,16252,1610442358662,1610442374914
sona-32204,blue,red,trial,14,liar,blue,6,0.5,3,3,3,3,3,FALSE,3,3,24,36,1252,16129,1610442375922,1610442392051
sona-32204,blue,red,trial,15,liar,blue,6,0.5,5,1,1,5,1,FALSE,5,1,24,36,1906,16849,1610442393057,1610442409906
sona-32204,blue,red,trial,16,liar,blue,6,0.5,3,3,3,3,3,TRUE,0,3,40,47,1466,16237,1610442413426,1610442429663
sona-32204,blue,red,trial,17,liar,blue,6,0.5,4,2,2,4,2,FALSE,4,2,40,47,1727,17137,1610442430671,1610442447808
sona-32204,blue,red,trial,18,liar,blue,6,0.5,6,0,0,6,0,FALSE,6,0,40,47,1677,16315,1610442448862,1610442465177
sona-32204,blue,red,trial,19,liar,blue,6,0.5,0,6,6,0,6,TRUE,-3,6,40,47,1293,15783,1610442466210,1610442481993
sona-32204,blue,red,trial,20,liar,blue,6,0.5,4,2,2,4,2,FALSE,4,2,40,47,2415,17344,1610442483028,1610442500372
sona-30278,blue,red,trial,1,detector,red,6,0.5,4,2,4,4,2,FALSE,4,2,0,0,3438,11934,1610494810805,1610494822739
sona-30278,blue,red,trial,2,detector,red,6,0.5,4,2,1,1,5,FALSE,1,5,0,0,2814,11296,1610494823748,1610494835044
sona-30278,blue,red,trial,3,detector,red,6,0.5,2,4,0,0,6,FALSE,0,6,0,0,1270,9852,1610494836047,1610494845899
sona-30278,blue,red,trial,4,detector,red,6,0.5,5,1,6,6,0,TRUE,0,6,0,0,1186,9764,1610494846901,1610494856665
sona-30278,blue,red,trial,5,detector,red,6,0.5,2,4,3,3,3,FALSE,3,3,0,0,1803,10255,1610494857667,1610494867922
sona-30278,blue,red,trial,6,detector,red,6,0.5,3,3,6,6,0,TRUE,0,6,8,22,2880,11284,1610494871438,1610494882722
sona-30278,blue,red,trial,7,detector,red,6,0.5,4,2,0,0,6,FALSE,0,6,8,22,979,9603,1610494883728,1610494893331
sona-30278,blue,red,trial,8,detector,red,6,0.5,3,3,6,6,0,TRUE,0,6,8,22,1153,9557,1610494894334,1610494903891
sona-30278,blue,red,trial,9,detector,red,6,0.5,3,3,5,5,1,TRUE,0,6,8,22,1323,9783,1610494904895,1610494914678
sona-30278,blue,red,trial,10,detector,red,6,0.5,2,4,4,4,2,FALSE,4,2,8,22,2129,10755,1610494915680,1610494926435
sona-30278,blue,red,trial,11,liar,blue,6,0.5,5,1,3,3,3,FALSE,3,3,12,48,2520,18885,1610494943098,1610494961983
sona-30278,blue,red,trial,12,liar,blue,6,0.5,3,3,4,2,4,FALSE,2,4,12,48,4072,19046,1610494962991,1610494982037
sona-30278,blue,red,trial,13,liar,blue,6,0.5,3,3,3,3,3,FALSE,3,3,12,48,4372,19338,1610494983050,1610495002388
sona-30278,blue,red,trial,14,liar,blue,6,0.5,1,5,6,0,6,FALSE,0,6,12,48,1729,16921,1610495003398,1610495020319
sona-30278,blue,red,trial,15,liar,blue,6,0.5,6,0,2,4,2,FALSE,4,2,12,48,4239,19405,1610495021330,1610495040735
sona-30278,blue,red,trial,16,liar,blue,6,0.5,5,1,4,2,4,FALSE,2,4,24,66,8774,23643,1610495044250,1610495067893
sona-30278,blue,red,trial,17,liar,blue,6,0.5,0,6,6,0,6,TRUE,-3,6,24,66,1047,16536,1610495068901,1610495085437
sona-30278,blue,red,trial,18,liar,blue,6,0.5,0,6,6,0,6,TRUE,-3,6,24,66,2578,17888,1610495086443,1610495104331
sona-30278,blue,red,trial,19,liar,blue,6,0.5,1,5,5,1,5,TRUE,-2,5,24,66,1246,17678,1610495105341,1610495123019
sona-30278,blue,red,trial,20,liar,blue,6,0.5,4,2,3,3,3,FALSE,3,3,24,66,5447,20701,1610495124027,1610495144728
